"","SNP","PVal"
"1","rs1418632",4.15494264580748
"2","rs4845835",3.80167628006253
"3","rs9287046",1.95404791999483
"4","rs3888820",2.62989242328492
"5","rs1107087",1.77561573552756
"6","rs559346",1.77736241861706
"7","rs997550",1.88389874103176
"8","rs4660306",2.22367795004578
"9","rs2152077",2.23090488272435
"10","rs4660918",1.90387096388043
"11","rs2405335",2.06887301139515
"12","rs169877",2.06946782495261
"13","rs551591",2.11048514279912
"14","rs10489565",1.86704912963535
"15","rs10493232",2.46436190864188
"16","rs232779",2.08258176442716
"17","rs513436",2.08258176442716
"18","rs4912369",2.08258176442716
"19","rs4912372",2.08258176442716
"20","rs720505",1.93587375703337
"21","rs564367",2.9988441813559
"22","rs856283",2.88587075606311
"23","rs1260817",2.0013343991692
"24","rs1935107",2.0873027462773
"25","rs578481",2.38457146320884
"26","rs1886777",2.38420562965424
"27","rs1338198",2.54694613902873
"28","rs1338203",1.87068113405148
"29","rs10518288",2.15103806522182
"30","rs1926289",1.78363693812687
"31","rs1492062",2.18710631151778
"32","rs1115023",1.89692677777887
"33","rs10493583",2.38805684885799
"34","rs315511",2.26770180762223
"35","rs10493752",2.34620908122635
"36","rs9324136",1.75036661770847
"37","rs1146382",1.88007283271516
"38","rs2991716",2.49779847507121
"39","rs3843306",3.04306156044918
"40","rs3845562",2.15697388215271
"41","rs1766163",2.32981546737228
"42","rs2391321",1.91127952504404
"43","rs10493885",1.93789753299488
"44","rs1980683",1.99732069444017
"45","rs2256459",2.21405498729388
"46","rs2148404",2.16807442494271
"47","rs10494129",2.10599635414081
"48","rs269101",1.94383624925207
"49","rs1286231",2.48305105159487
"50","rs4659352",1.76357827655318
"51","rs3767770",2.19362996660527
"52","rs2134688",1.8377743255601
"53","rs2184953",2.25638315327558
"54","rs6587666",2.1712914086522
"55","rs6700158",1.76924317417788
"56","rs3904413",1.80390079090601
"57","rs2317057",1.90614266488584
"58","rs2153213",1.80559946704037
"59","rs1149392",2.15319559933463
"60","rs1503854",1.84824987319766
"61","rs12143508",2.30358233808525
"62","rs1352538",1.8630809937704
"63","rs10494465",1.8927912037157
"64","rs1415678",1.83219927183467
"65","rs10489358",2.19882305313341
"66","rs726055",2.19882305313341
"67","rs1412336",2.19882305313341
"68","rs10489373",2.24827623860066
"69","rs9283384",1.87853246701384
"70","rs10489328",2.55577369937369
"71","rs3845378",2.64377167091496
"72","rs1689785",2.08690096058793
"73","rs716756",2.04398472601403
"74","rs720630",2.56528916984282
"75","rs1431141",2.3325659372332
"76","rs1246832",1.99298162662405
"77","rs6683269",1.97538716880079
"78","rs10489875",2.79166423579716
"79","rs10489876",2.79166423579716
"80","rs10494733",1.81123165969459
"81","rs10494735",2.01405830101171
"82","rs10494736",1.87988680629684
"83","rs380390",2.91267719835143
"84","rs1329428",2.01242026264878
"85","rs2152872",1.74136526772637
"86","rs4411153",1.75116865357912
"87","rs296542",2.40637230487493
"88","rs417774",2.04440940916847
"89","rs2364861",1.87453309606828
"90","rs626923",1.82783756324172
"91","rs10495126",2.0924931236051
"92","rs10495200",2.09872191850162
"93","rs9286760",2.09872191850162
"94","rs508817",2.50028853213951
"95","rs342818",4.35538010205358
"96","rs2273875",2.07994537196539
"97","rs10495382",2.50505785138403
"98","rs1413214",1.97767265103385
"99","rs1413213",1.97767265103385
"100","rs2362932",2.02629980120275
